{
  "epoch": [
    1,
    2,
    3,
    4,
    5,
    6,
    7,
    8,
    9,
    10,
    11,
    12,
    13,
    14,
    15,
    16,
    17,
    18,
    19,
    20,
    21,
    22,
    23,
    24,
    25,
    26,
    27,
    28,
    29,
    30,
    31,
    32,
    33,
    34,
    35,
    36,
    37,
    38,
    39,
    40
  ],
  "train_loss": [
    3.405459331743645,
    3.1962595901103934,
    2.9933338269641503,
    2.839383409480856,
    2.7073097477858314,
    2.589428464973013,
    2.4743993234152746,
    2.371523785270023,
    2.2868859912409927,
    2.1981051172872985,
    2.1085201385446672,
    2.034284627798832,
    1.9686742547385219,
    1.8974162279957472,
    1.8134266246448865,
    1.756215026884368,
    1.7042212755190402,
    1.643113815021836,
    1.5788826545079548,
    1.5469801879491067,
    1.4849192763017083,
    1.4387508680924823,
    1.3956887218285892,
    1.3712946818733858,
    1.192052468908355,
    1.1460033229705862,
    1.10743433819074,
    1.0819034072686526,
    1.061742977261142,
    1.0349403870627536,
    1.0089082547309824,
    0.997426673218056,
    0.9773505894021955,
    0.9682649654972835,
    0.9599440657731259,
    0.9599871246100274,
    0.9582248793707954,
    0.9475349966524426,
    0.9579680098427666,
    0.9626212567592711
  ],
  "val_loss": [
    91.50375939849624,
    84.4360902255639,
    79.81203007518798,
    77.44360902255639,
    75.52631578947368,
    73.0827067669173,
    69.9624060150376,
    69.3609022556391,
    67.4812030075188,
    65.5639097744361,
    65.33834586466165,
    64.21052631578948,
    63.233082706766915,
    62.78195488721804,
    61.80451127819549,
    59.3609022556391,
    57.78195488721804,
    61.8796992481203,
    57.03007518796993,
    58.7593984962406,
    56.99248120300752,
    60.30075187969925,
    58.08270676691729,
    58.19548872180451,
    53.45864661654135,
    52.932330827067666,
    52.81954887218045,
    53.30827067669173,
    52.4812030075188,
    53.19548872180451,
    53.045112781954884,
    53.1203007518797,
    53.34586466165413,
    52.81954887218045,
    52.96992481203007,
    52.330827067669176,
    53.7593984962406,
    52.89473684210526,
    52.669172932330824,
    52.96992481203007
  ],
  "train_acc": [
    0.07177917348392886,
    0.1258246688130047,
    0.1773895603525624,
    0.20879294875178128,
    0.2439964110413258,
    0.2740275505357049,
    0.3014197498284689,
    0.32743970021639307,
    0.35124294083496066,
    0.37409616298094683,
    0.4025439383543569,
    0.42249432627856653,
    0.4461920092890695,
    0.46413680266005175,
    0.4874650340423286,
    0.5054098274133108,
    0.5202406713463873,
    0.5419327598036628,
    0.5667387976988442,
    0.5713305536496542,
    0.5913337203778962,
    0.6074312556077479,
    0.6199398321634032,
    0.6309178234021217,
    0.6928273605320103,
    0.7094526838021851,
    0.7251807674038107,
    0.7342587216973664,
    0.7409088510054361,
    0.7457645009764079,
    0.7554758009183512,
    0.7626009394627118,
    0.7669815801973927,
    0.7705705388715891,
    0.7763762073151422,
    0.7783818018683697,
    0.7753206312344961,
    0.7799123871853064,
    0.7808624056578879,
    0.7733150366812689
  ],
  "val_acc": [
    0.08496240601503759,
    0.1556390977443609,
    0.2018796992481203,
    0.22556390977443608,
    0.24473684210526314,
    0.26917293233082706,
    0.3003759398496241,
    0.30639097744360905,
    0.32518796992481197,
    0.3443609022556391,
    0.34661654135338343,
    0.35789473684210527,
    0.36766917293233087,
    0.37218045112781956,
    0.3819548872180451,
    0.406390977443609,
    0.4221804511278196,
    0.381203007518797,
    0.42969924812030075,
    0.412406015037594,
    0.4300751879699248,
    0.3969924812030075,
    0.4191729323308271,
    0.4180451127819549,
    0.4654135338345865,
    0.47067669172932336,
    0.4718045112781955,
    0.46691729323308273,
    0.475187969924812,
    0.46804511278195493,
    0.46954887218045116,
    0.46879699248120305,
    0.46654135338345865,
    0.4718045112781955,
    0.4703007518796993,
    0.4766917293233082,
    0.462406015037594,
    0.4710526315789474,
    0.4733082706766918,
    0.4703007518796993
  ],
  "lr": [
    0.0001,
    0.0001,
    0.0001,
    0.0001,
    0.0001,
    0.0001,
    0.0001,
    0.0001,
    0.0001,
    0.0001,
    0.0001,
    0.0001,
    0.0001,
    0.0001,
    0.0001,
    0.0001,
    0.0001,
    0.0001,
    0.0001,
    0.0001,
    0.0001,
    0.0001,
    0.0001,
    1e-05,
    1e-05,
    1e-05,
    1e-05,
    1e-05,
    1e-05,
    1e-05,
    1e-05,
    1.0000000000000002e-06,
    1.0000000000000002e-06,
    1.0000000000000002e-06,
    1.0000000000000002e-07,
    1.0000000000000002e-07,
    1.0000000000000002e-07,
    1.0000000000000002e-07,
    1.0000000000000004e-08,
    1.0000000000000004e-08
  ]
}