{
  "epoch": [
    1,
    2,
    3
  ],
  "train_loss": [
    2.2629667889790905,
    1.0701321903302614,
    0.7480007788348279
  ],
  "val_loss": [
    38.045112781954884,
    30.864661654135332,
    26.278195488721806
  ],
  "train_acc": [
    0.40074945901725867,
    0.6848577611231329,
    0.7785401382804666
  ],
  "val_acc": [
    0.6195488721804512,
    0.6913533834586467,
    0.7372180451127819
  ],
  "lr": [
    0.0001,
    0.0001,
    0.0001
  ]
}