epoch,train_loss,val_loss,train_acc,val_acc,lr
1,2.262967,38.045113,0.400749,0.619549,0.00010000
2,1.070132,30.864662,0.684858,0.691353,0.00010000
3,0.748001,26.278195,0.778540,0.737218,0.00010000
