{
  "epoch": [
    1,
    2,
    3,
    4,
    5,
    6,
    7,
    8,
    9,
    10,
    11,
    12,
    13,
    14,
    15,
    16,
    17,
    18,
    19,
    20,
    21,
    22,
    23,
    24,
    25,
    26,
    27,
    28,
    29
  ],
  "train_loss": [
    2.2629667889790905,
    1.0701321903302614,
    0.7480007788348279,
    0.5680983726825778,
    0.4517820688710871,
    0.35821750694854493,
    0.30474808887399807,
    0.27507599646394904,
    0.24777136745577308,
    0.20706266385537606,
    0.17748545573064775,
    0.18101155341474295,
    0.18880317337585217,
    0.1174532976942231,
    0.09666194149641076,
    0.08456776919539528,
    0.08213363604162277,
    0.0772303733159396,
    0.07616491646502757,
    0.06902976030552829,
    0.06825033558990418,
    0.06720143258069902,
    0.06326118692981475,
    0.06284934513722405,
    0.06802886950247215,
    0.0681934447375813,
    0.0626586773918835,
    0.06392276201158863,
    0.06055189109711535
  ],
  "val_loss": [
    38.045112781954884,
    30.864661654135332,
    26.278195488721806,
    25.0,
    23.796992481203006,
    24.24812030075188,
    21.503759398496243,
    23.27067669172932,
    20.977443609022558,
    19.511278195488728,
    19.924812030075188,
    20.563909774436084,
    21.09022556390977,
    18.45864661654136,
    17.89473684210526,
    17.969924812030072,
    17.89473684210526,
    17.5187969924812,
    18.308270676691734,
    17.631578947368425,
    17.669172932330824,
    18.082706766917298,
    17.368421052631575,
    17.744360902255636,
    17.330827067669176,
    17.706766917293237,
    17.669172932330824,
    17.443609022556387,
    17.669172932330824
  ],
  "train_acc": [
    0.40074945901725867,
    0.6848577611231329,
    0.7785401382804666,
    0.8314244999208319,
    0.8658890589539241,
    0.8976091201773367,
    0.916081701588642,
    0.925370771098327,
    0.9330236976830105,
    0.9491740117168945,
    0.9588325328548055,
    0.9569324959096427,
    0.9531852008233492,
    0.977885681110466,
    0.98279410988547,
    0.9865941837757957,
    0.986488626167731,
    0.9878080962685385,
    0.9888108935451523,
    0.990341478862089,
    0.9907637092943474,
    0.9920304005911226,
    0.9916609489628965,
    0.9921887370032195,
    0.992083179395155,
    0.9920304005911226,
    0.991766506570961,
    0.992294294611284,
    0.992083179395155
  ],
  "val_acc": [
    0.6195488721804512,
    0.6913533834586467,
    0.7372180451127819,
    0.75,
    0.76203007518797,
    0.7575187969924813,
    0.7849624060150375,
    0.7672932330827068,
    0.7902255639097744,
    0.8048872180451128,
    0.8007518796992481,
    0.7943609022556392,
    0.7890977443609023,
    0.8154135338345864,
    0.8210526315789474,
    0.8203007518796993,
    0.8210526315789474,
    0.824812030075188,
    0.8169172932330827,
    0.8236842105263158,
    0.8233082706766918,
    0.819172932330827,
    0.8263157894736842,
    0.8225563909774436,
    0.8266917293233083,
    0.8229323308270676,
    0.8233082706766918,
    0.8255639097744362,
    0.8233082706766918
  ],
  "lr": [
    0.0001,
    0.0001,
    0.0001,
    0.0001,
    0.0001,
    0.0001,
    0.0001,
    0.0001,
    0.0001,
    0.0001,
    0.0001,
    0.0001,
    1e-05,
    1e-05,
    1e-05,
    1e-05,
    1e-05,
    1e-05,
    1e-05,
    1e-05,
    1.0000000000000002e-06,
    1.0000000000000002e-06,
    1.0000000000000002e-06,
    1.0000000000000002e-06,
    1.0000000000000002e-06,
    1.0000000000000002e-06,
    1.0000000000000002e-06,
    1.0000000000000002e-07,
    1.0000000000000002e-07
  ]
}