{
  "epoch": [
    1,
    2,
    3,
    4,
    5,
    6,
    7,
    8,
    9,
    10,
    11,
    12,
    13,
    14,
    15,
    16,
    17,
    18,
    19,
    20,
    21,
    22,
    23,
    24,
    25,
    26
  ],
  "train_loss": [
    2.2153114064373955,
    0.9058177880566529,
    0.648774056021212,
    0.5184910992781321,
    0.43825486136807335,
    0.4032438125473883,
    0.35746863077987323,
    0.33018583857049844,
    0.3145182520050794,
    0.3138252246610645,
    0.20045347215752007,
    0.16513185024963886,
    0.1481869949109426,
    0.136462941822229,
    0.12603932610314703,
    0.12154815315272069,
    0.11221924982964993,
    0.10865457951771691,
    0.10633415860509632,
    0.11317428604696536,
    0.11169763536565633,
    0.11023654445679701,
    0.10825085408847641,
    0.10524367983217793,
    0.10513244013643827,
    0.11638210604738708
  ],
  "val_loss": [
    27.89473684210526,
    19.812030075187977,
    17.067669172932327,
    15.751879699248121,
    15.526315789473685,
    16.72932330827068,
    15.451127819548873,
    16.42857142857143,
    16.203007518796994,
    16.278195488721806,
    13.458646616541358,
    13.195488721804509,
    12.89473684210526,
    12.969924812030072,
    12.89473684210526,
    13.195488721804509,
    12.593984962406012,
    13.233082706766922,
    12.744360902255636,
    12.969924812030072,
    12.89473684210526,
    12.932330827067673,
    12.781954887218049,
    12.593984962406012,
    12.932330827067673,
    13.383458646616546
  ],
  "train_acc": [
    0.4464031245051987,
    0.7480339895497968,
    0.8143241674143664,
    0.8538027128305272,
    0.8737531007547369,
    0.8840977463450679,
    0.8970285533329815,
    0.9073731989233125,
    0.9091148994563782,
    0.910117696732992,
    0.9449517073943104,
    0.9589908692669025,
    0.962263155116905,
    0.966643795851586,
    0.9686493904048135,
    0.9701799757217502,
    0.9704438697419117,
    0.973293925159656,
    0.9733994827677205,
    0.9732411463556235,
    0.974560616456431,
    0.972449464295139,
    0.9728189159233652,
    0.9735578191798174,
    0.9735578191798174,
    0.9719216762548161
  ],
  "val_acc": [
    0.7210526315789474,
    0.8018796992481202,
    0.8293233082706767,
    0.8424812030075188,
    0.8447368421052631,
    0.8327067669172932,
    0.8454887218045113,
    0.8357142857142857,
    0.83796992481203,
    0.837218045112782,
    0.8654135338345864,
    0.868045112781955,
    0.8710526315789474,
    0.8703007518796992,
    0.8710526315789474,
    0.868045112781955,
    0.8740601503759399,
    0.8676691729323308,
    0.8725563909774436,
    0.8703007518796992,
    0.8710526315789474,
    0.8706766917293233,
    0.8721804511278195,
    0.8740601503759399,
    0.8706766917293233,
    0.8661654135338346
  ],
  "lr": [
    0.0001,
    0.0001,
    0.0001,
    0.0001,
    0.0001,
    0.0001,
    0.0001,
    0.0001,
    0.0001,
    1e-05,
    1e-05,
    1e-05,
    1e-05,
    1e-05,
    1e-05,
    1.0000000000000002e-06,
    1.0000000000000002e-06,
    1.0000000000000002e-06,
    1.0000000000000002e-06,
    1.0000000000000002e-07,
    1.0000000000000002e-07,
    1.0000000000000002e-07,
    1.0000000000000004e-08,
    1.0000000000000004e-08,
    1.0000000000000004e-08,
    1.0000000000000004e-08
  ]
}