{
  "epoch": [
    1,
    2,
    3,
    4,
    5,
    6,
    7,
    8,
    9,
    10,
    11,
    12,
    13,
    14,
    15,
    16,
    17,
    18,
    19,
    20,
    21,
    22,
    23,
    24,
    25,
    26,
    27,
    28,
    29,
    30,
    31,
    32,
    33,
    34,
    35,
    36
  ],
  "train_loss": [
    3.126158240594362,
    2.675012552424481,
    2.3830367581624734,
    2.160470459806292,
    1.980967733028688,
    1.840089219181161,
    1.7210427122680765,
    1.6045481817502725,
    1.509731493106014,
    1.4414378365403728,
    1.3515955760682885,
    1.3073525336620055,
    1.2543705280281996,
    1.0050390768600137,
    0.9365652860387376,
    0.9014639036827966,
    0.8724309451093799,
    0.8507191105500648,
    0.8352571568010669,
    0.8158328458666801,
    0.7871504141704032,
    0.7729384377598763,
    0.7558321325402511,
    0.7410657544081148,
    0.7136864483748612,
    0.701405493346484,
    0.6758720208155481,
    0.6706156155192539,
    0.6559533315073502,
    0.6294933770244059,
    0.5805051023826787,
    0.5693099711482462,
    0.5611287733834041,
    0.5591300902398009,
    0.5574119318472711,
    0.5558997619112855
  ],
  "val_loss": [
    78.19548872180451,
    71.12781954887218,
    67.89473684210526,
    62.63157894736842,
    62.255639097744364,
    57.03007518796993,
    57.932330827067666,
    56.8421052631579,
    52.21804511278196,
    49.81203007518797,
    50.37593984962406,
    52.4812030075188,
    66.12781954887218,
    30.827067669172934,
    30.714285714285708,
    30.939849624060145,
    29.473684210526315,
    29.849624060150376,
    29.172932330827066,
    29.285714285714292,
    29.88721804511279,
    28.83458646616542,
    28.233082706766922,
    29.285714285714292,
    28.27067669172932,
    28.19548872180451,
    27.255639097744364,
    27.330827067669176,
    28.233082706766922,
    31.879699248120303,
    25.451127819548873,
    25.187969924812023,
    25.150375939849624,
    25.41353383458646,
    25.488721804511272,
    25.488721804511272
  ],
  "train_acc": [
    0.13864746721522242,
    0.2512728207765493,
    0.3257392645924402,
    0.3851375674980715,
    0.43173052198508616,
    0.46916945230136287,
    0.5054255592697351,
    0.5361275392131654,
    0.5625610696837233,
    0.5824119310876832,
    0.6067883774749293,
    0.6199537156081255,
    0.6376960658266907,
    0.7169966572383646,
    0.7386474672152223,
    0.7502699922859347,
    0.7588068912316791,
    0.7651324247878633,
    0.7706865518128053,
    0.77408074055027,
    0.7848804319876576,
    0.7905374132167653,
    0.7941373103625611,
    0.797737207508357,
    0.8088454615582412,
    0.814965286706094,
    0.8221650809976857,
    0.8233993314476729,
    0.8274620725122139,
    0.8341475957829776,
    0.8535356132681923,
    0.8605811262535356,
    0.8626896374389302,
    0.8660323990743122,
    0.863512471072255,
    0.8619696580097711
  ],
  "val_acc": [
    0.21804511278195488,
    0.28872180451127816,
    0.3210526315789474,
    0.37368421052631584,
    0.37744360902255636,
    0.42969924812030075,
    0.4206766917293233,
    0.431578947368421,
    0.4778195488721804,
    0.5018796992481203,
    0.49624060150375937,
    0.475187969924812,
    0.3387218045112782,
    0.6917293233082706,
    0.692857142857143,
    0.6906015037593985,
    0.7052631578947368,
    0.7015037593984963,
    0.7082706766917294,
    0.7071428571428571,
    0.7011278195488722,
    0.7116541353383458,
    0.7176691729323308,
    0.7071428571428571,
    0.7172932330827068,
    0.7180451127819549,
    0.7274436090225563,
    0.7266917293233083,
    0.7176691729323308,
    0.6812030075187969,
    0.7454887218045113,
    0.7481203007518797,
    0.7484962406015038,
    0.7458646616541355,
    0.7451127819548873,
    0.7451127819548873
  ],
  "lr": [
    0.0001,
    0.0001,
    0.0001,
    0.0001,
    0.0001,
    0.0001,
    0.0001,
    0.0001,
    0.0001,
    0.0001,
    0.0001,
    0.0001,
    1e-05,
    1e-05,
    1e-05,
    1e-05,
    1e-05,
    1e-05,
    1e-05,
    1e-05,
    1e-05,
    1e-05,
    1e-05,
    1e-05,
    1e-05,
    1e-05,
    1e-05,
    1e-05,
    1e-05,
    1.0000000000000002e-06,
    1.0000000000000002e-06,
    1.0000000000000002e-06,
    1.0000000000000002e-06,
    1.0000000000000002e-06,
    1.0000000000000002e-06,
    1.0000000000000002e-07
  ]
}